taxon_name,Mean_CENF,Mean_CMIX,Mean_DESE,Mean_ENWD,Mean_GRAM,Mean_TEDE,Mean_TUND,Mean_WTSFS,Mean_XSHB,Stdev_CENF,Stdev_CMIX,Stdev_DESE,Stdev_ENWD,Stdev_GRAM,Stdev_TEDE,Stdev_TUND,Stdev_WTSFS,Stdev_XSHB
Abies,0.30190557,1.02313074,0,0.572760801,0.037230745,0.439988732,0,0.172585083,0.020475023,1.205894141,2.586121093,0,1.3848522,0.119388863,1.239152983,0,0.673983279,0.235240101
Acanthaceae,0,0,0,0,0,0,0,0,0,0,0,0,0,0,0,0,0,0
Acer,0.015825056,0.183492699,0,0.07792479,0.036043126,0.243172549,0,0.067950942,0,0.136836781,0.864366323,0,0.246804033,0.148474869,1.196869187,0,0.479087857,0
Aconitum,0.00127538,0.001295719,0,0.001684523,0,0,0.01886049,0.001248065,0,0.014653004,0.012690921,0,0.017012844,0,0,0.185754281,0.014339177,0
Adonis,0,0.003483107,0,0,0.00134322,0,0,0,0,0,0.040017851,0,0,0.015432419,0,0,0,0
Adoxaceae,0,0,0,0,0,0,0,0,0,0,0,0,0,0,0,0,0,0
Aesculus,0.000833993,0.022701033,0,0,0,0.14009197,0,0,0,0.009243509,0.17732509,0,0,0,1.609534192,0,0,0
Ailanthus,0,0,0,0,0,0,0,0,0,0,0,0,0,0,0,0,0,0
Aizoaceae,0,0,0,0,0,0,0,0,0.000737659,0,0,0,0,0,0,0,0,0.008475058
Alnus,4.939487004,5.233562536,2.718836092,3.348466694,0.488044711,4.780134974,2.250316711,0.518791369,0.012694036,6.172738862,6.442054004,7.961609247,6.770365694,1.678083726,10.44170097,2.427912346,1.113562238,0.087596909
Alnus alnobetula,0,0.941320902,0,0,0,0,0,0,0,0,4.653249494,0,0,0,0,0,0,0
Amaranthaceae,0.41679461,0.606007109,26.02471035,8.520625142,21.81471771,2.525301732,0.114543863,2.859039077,2.67037764,0.946678682,1.205950388,24.96703153,12.2904039,24.71442535,8.674078006,0.187568658,7.666648629,6.138281338
Amaryllidaceae,0,0,0.007321114,0,0,0,0,0.031082239,0.020740107,0,0,0.046639874,0,0,0,0,0.345251654,0.150491013
Anacardiaceae,0,0,0,0.002285296,0,0,0,0,0,0,0,0,0.023080359,0,0,0,0,0
Andromeda,0.003317102,0,0,0,0,0,0.002720513,0,0,0.026965443,0,0,0,0,0,0.016582097,0,0
Apiaceae,0.15817731,0.587959894,0.915458914,1.332884046,0.685557992,1.364763856,0.121327334,0.641123148,1.459811161,0.40959061,1.384753132,2.506908267,1.904462536,1.697739631,7.634225389,0.429361245,2.304914641,2.827620514
Aquilegia,0,0,0,0.006790063,0,0.000464485,0,0,0,0,0,0,0.039442965,0,0.005336532,0,0,0
Araceae,0,0,0,0,0.003367003,0,0,0,0,0,0,0,0,0.03868392,0,0,0,0
Arbutus,0,0,0,0.00497661,0,0.030497542,0,0.226093887,0,0,0,0,0.050261295,0,0.165878061,0,1.315305719,0
Arctostaphylos,0.00682554,0.000504042,0,0,0,0.000702109,0.015452925,0,0,0.039293813,0.005791007,0,0,0,0.008066619,0.103564413,0,0
Argania,0,0,1.387033194,0,0.011140818,0,0,0,2.173661395,0,0,8.541057125,0,0.127998256,0,0,0,8.522730457
Aristolochiaceae,0,0,0,0,0,0,0,0,0,0,0,0,0,0,0,0,0,0
Artemisia,1.062922101,0.545366874,25.13548074,2.803555266,10.88005644,1.710234026,0.147748713,1.162874497,10.43033181,2.284407281,0.943646746,25.31787619,6.838301105,15.16657083,3.461612056,0.271201692,2.87697,19.41664156
Asclepiadaceae,0,0,0.003426887,0,0,0,0,0,0,0,0,0.028875466,0,0,0,0,0,0
Asparagaceae,0,0.012862311,0,0.006513066,0,0.004092086,0.000209644,0.008491508,0,0,0.127821955,0,0.046938678,0,0.043082419,0.002064757,0.068734945,0
Asphodelaceae,0,0,0,0,0.025900705,0,0,0,0,0,0,0,0,0.209616455,0,0,0,0
Asphodeliaceae,0,0,0,0,0,0,0,0.003892989,0,0,0,0,0,0,0,0,0.044727043,0
Asteraceae,0.106944339,0.243215205,0,7.604726645,0,0.544161528,0.021807231,0.016908968,0.296164684,0.78894284,1.692675129,0,10.4511283,0,2.973010013,0.166680726,0.138247806,1.058800328
Asteraceae (Liguliflorae),0,0.006037994,0.76559358,2.159167479,0.911309068,0.460433895,0,0.582539706,0.199848468,0,0.048871611,4.99108137,5.576011029,3.320685747,1.9699548,0,2.251122978,1.463930418
Asteroideae,0.457863834,0.863849308,4.333479893,2.071888871,3.172253903,0.857674483,0.485138719,1.235648024,3.539893741,1.256150594,3.72660757,8.364679616,3.822313318,6.130910596,2.066879565,1.188816785,2.221636756,5.661605826
Astragalus,0,0.024746636,0.028068658,0,0.043288482,0,0.07877757,0.038066855,0.11420789,0,0.284001647,0.176809432,0,0.21175867,0,0.698834272,0.304523171,0.471075271
Berberidaceae,0,0,0,0,0,0.002170705,0,0,0,0,0,0,0,0,0.024939496,0,0,0
Berberis,0,0,0,0,0.000112283,0,0,0.001057269,0,0,0,0,0,0.001290037,0,0,0.008942908,0
Betula,28.39363178,8.268627692,0.567553114,0.544550123,1.175130617,2.353056902,25.85688006,0.227568721,0.014564765,12.08080939,11.15420636,2.67830403,1.264195239,4.009989581,5.41679086,13.74546864,0.816684765,0.055998509
Betula (Chamaebetula),1.064436232,0,0,0,0,0,0.25289733,0,0,3.720715129,0,0,0,0,0,1.000146065,0,0
Boraginaceae,0.005214005,0.040241492,0.126979935,0.136498055,0.159034668,0.03231144,0,0.358363725,0.096621531,0.027740268,0.236874088,0.72763218,0.50125618,0.655024894,0.200365808,0,1.116853742,0.313337622
Brassicaceae,0.048466743,0.332945546,1.175726363,0.623528698,0.860286854,0.699326966,0.417932822,0.734225522,3.907241208,0.174041504,0.480022272,2.243776734,1.564304555,1.399879878,1.824146597,1.834481369,1.172903732,6.330796388
Bruckenthalia,0,0.000476463,0,0,0,0,0,0,0,0,0.00547414,0,0,0,0,0,0,0
Buxus,0,0.010774686,0,0,0.057257867,0.157608715,0,0.018599272,0.288736614,0,0.06048642,0,0,0.468742758,1.353034791,0,0.098272802,2.772789762
Calluna,0.490083473,0.778177819,0,0,0.008340453,2.733509145,0.142349162,0.162255152,0.000737659,1.819130091,3.560552619,0,0,0.080301932,8.761626301,0.367254182,0.902975402,0.008475058
Campanulaceae,0.05402052,0.054239783,0.005275096,0.005110501,0.02795367,0.024594444,0.059886554,0.080681774,0.006603125,0.420996445,0.165009703,0.044448747,0.026396801,0.110715917,0.100830971,0.177124774,0.703495079,0.038055883
Capparaceae,0,0,0.161478451,0,0.007070136,0,0,0,0.004898119,0,0,1.360641611,0,0.057245073,0,0,0,0.056275102
Caprifoliaceae,0.013464235,0.021802188,0,0.166069079,0.04492386,0.030771431,0,0.027810053,0.056188763,0.105182926,0.092054141,0,0.396210044,0.165557045,0.11507711,0,0.150137671,0.473769326
Carduoideae,0.034289437,0.106582503,1.409022727,0.507848467,0.998029545,0.319236814,0.030612143,0.125746769,0.487673631,0.215639447,0.318001932,5.65926337,1.765933245,4.900192993,1.125207666,0.124337082,0.418299982,0.8550204
Carpinus betulus,0.018769491,0.80233071,3.488218451,0.843493339,0.885712292,3.354044755,0.021057813,0.058751202,0,0.068243237,1.309180361,8.881875134,1.857721338,2.747294253,8.912737288,0.070314859,0.384231865,0
Carpinus orientalis/Ostrya,0,0.106835589,0.034372194,0.734356391,0.508720711,0.912252627,0,0.283263524,0,0,0.49225185,0.140089317,3.039446326,1.057929416,2.55150604,0,1.111066494,0
Caryophyllaceae,0.108772763,1.181374448,1.73265927,2.116470719,0.529925275,0.636027631,0.625344282,0.514303721,2.31721578,0.303814863,4.778579186,7.041433542,3.252967981,1.280830046,2.890169629,1.476860462,0.869427227,5.55840645
Cassiope,0.000179368,0,0,0,0,0,0.010714558,0,0,0.001501885,0,0,0,0,0,0.077569412,0,0
Castanea,0,0.506593018,0.004856727,0.237870901,0.015496006,1.096812295,0,1.880186465,0.001515152,0,1.58717603,0.040923507,0.791804238,0.05546668,4.365074543,0,10.02989713,0.017407766
Cedrus,0,0.001767058,0.519188299,0.244526524,0.308367836,0.004926733,0,1.343561995,5.08579197,0,0.016975587,1.270588883,1.317749452,1.796376551,0.047075118,0,7.329586687,11.88306596
Celastraceae,0.000278188,8.18939E-05,0.00437407,0.002614379,0,0.001598261,0.085263445,0,0,0.003196135,0.00094089,0.036856572,0.026403938,0,0.018362625,0.58170851,0,0
Celtis,0,0,0,0,0.002256369,0.002428127,0,0.006837984,0,0,0,0,0,0.017469599,0.027897058,0,0.071132566,0
Ceratonia,0,0,0,0,0,0,0,0.001260526,0.277169262,0,0,0,0,0,0,0,0.014482338,3.116166502
Cercis,0,0,0,0,0,0.003860611,0,0,0,0,0,0,0,0,0.031301233,0,0,0
Chamaedaphne,0.000210354,0,0,0,0,0,0,0,0,0.002416781,0,0,0,0,0,0,0,0
Chamaerops,0,0,0.033802817,0,0.012428827,0,0,0,0,0,0,0.284827598,0,0.112649126,0,0,0,0
Chimaphila,0,0,0,0,0,0,0,0,0,0,0,0,0,0,0,0,0,0
Cichorioideae,0.104182214,0.99757442,2.279016958,0.238588557,1.29433572,0.77315434,0.304276599,1.571626923,3.786583547,0.301062823,3.142926049,4.830922126,0.94937186,2.644396967,2.627933268,0.714320547,4.608475023,6.214634671
Cistaceae,0,0.000120787,0.208779127,0.033006886,0.094979614,0.007644631,0,0.038398631,0.13484096,0,0.001387738,1.110073697,0.118554632,0.78682067,0.050792149,0,0.284814298,0.4954479
Cistus,0,0,0.053723142,0,0.026635172,0.059296207,0,0.971047101,0.616664053,0,0,0.233730688,0,0.130904303,0.264786681,0,2.598673978,2.967168178
Clematis,0,0,0,0,0.001402918,0,0,0,0,0,0,0,0,0.016118303,0,0,0,0
Clethra,0,0,0,0,0,0,0,0,0,0,0,0,0,0,0,0,0,0
Clusiaceae,0,0,0,0,0,0,0,0,0,0,0,0,0,0,0,0,0,0
Colchicaceae,0,0,0,0,0,0.005014592,0,0,0,0,0,0,0,0,0.050783375,0,0,0
Colutea,0,0,0,0,0,0,0,0,0,0,0,0,0,0,0,0,0,0
Convolvulaceae,0.001753648,0.001539249,0.056828901,0.02958724,0.034374979,0.003383845,0,0.017903825,0.078178858,0.020147878,0.012549537,0.296362818,0.147091685,0.166406718,0.027839233,0,0.098839892,0.299409179
Coriaria,0,0,0,0,0,0,0,0,0,0,0,0,0,0,0,0,0,0
Cornus,0.041881295,0.00595222,0,0.039884677,0.019075431,0.023695539,0.018512329,0.003376659,0,0.316366535,0.043069656,0,0.287736269,0.118165733,0.2511401,0.10486361,0.028203922,0
Corylus,0.296100949,1.861461595,0.107452004,1.533801372,0.344114388,2.67730905,0.528937445,0.485894946,0.016414636,0.504041981,2.799778315,0.341069303,3.266511173,0.710376292,3.847564444,0.670480779,2.246091699,0.080603832
Cotinus,0,0,0,0,0.000908587,0,0,0,0,0,0,0,0,0.008599979,0,0,0,0
Cotoneaster,0,0,0,0,0,0,0,0,0,0,0,0,0,0,0,0,0,0
Crassulaceae,0.019880467,0.048820869,0.184555634,0.003839413,0.02774443,0.040537624,0.103637489,0.026471001,0.100402713,0.214550439,0.320957942,1.555093412,0.022746151,0.204897882,0.12730565,0.582204392,0.113723038,0.751218608
Crataegus,0,0.001449906,0,0.015947582,0.005033179,0.021826301,0,0.036769424,0.019331111,0,0.016658152,0,0.125434756,0.028971326,0.195645197,0,0.270846194,0.137450899
Cucurbitaceae,0,0,0,0,0,0,0,0,0,0,0,0,0,0,0,0,0,0
Cupressaceae,1.680759897,0.539402063,1.07374899,2.237964065,0.429794587,2.439938738,1.300799778,2.253441845,10.14442621,2.580992343,1.494453837,3.376645179,7.767519278,0.878619413,7.008021163,2.247048327,6.074627055,18.54234261
Cynomorium,0,0,0,0,0.012240902,0,0,0,0,0,0,0,0,0.140637251,0,0,0,0
Cyperaceae,2.011377536,4.029963639,0.55246988,1.755645327,3.372050762,3.140229415,4.830792521,2.331284055,0.265013614,3.225753506,9.048963862,1.799560318,4.508987232,7.215985611,6.081780615,5.678741551,6.223827573,0.858596751
Cytinaceae,0,0,0,0,0,0,0,0.002164502,0,0,0,0,0,0,0,0,0.024868238,0
Daphne,0,0.00194984,0,0.003102507,0,0.003433066,0,0.067321747,0,0,0.019348155,0,0.031333783,0,0.020572678,0,0.27647081,0
Datisca,0,0,0,0,0,0,0,0,0,0,0,0,0,0,0,0,0,0
Delphinium,0,0,0,0.003433805,0,0,0,0,0,0,0,0,0.028536089,0,0,0,0,0
Dennstaedtiaceae,0.053203761,0.260877142,0,0.031585822,0.012372556,0.537671532,0.046502765,0.441035683,0,0.412096057,2.377989042,0,0.105442711,0.05285893,1.99649095,0.142315157,1.903104654,0
Diapensia,0.000210354,0,0,0,0,0,0.180728925,0,0,0.002416781,0,0,0,0,0,1.23130288,0,0
Dryas,0.003070199,0.001037327,0,0,0,0,0.054058607,0,0,0.024482132,0.011917974,0,0,0,0,0.24012332,0,0
Elaeagnus,0,0,0,0,0.082701954,0,0,0,0,0,0,0,0,0.574559657,0,0,0,0
Empetrum,0.215111079,0.030777609,0,0,0,0.091622121,1.746397318,0,0,0.83275645,0.195497269,0,0,0,1.05265803,3.811016859,0,0
Ephedra,0,0.001909152,2.445850635,0.219741646,0.288002086,0.10037279,0,0.057690366,0.413249821,0,0.021311382,6.838151287,1.274412855,1.397734332,0.761795347,0,0.241267216,1.029233246
Equisetum,0.140109221,0.086424826,0,0.10944345,0.230379852,0.093963889,0.348624278,0.017454009,0.002128113,0.326723009,0.448865651,0,0.854949965,1.20667899,0.522192567,0.564683964,0.121581231,0.018037119
Erica,0,0.001322122,0.005275096,0,0.009023755,1.1299641,0,1.433856663,0.094404058,0,0.015190025,0.044448747,0,0.060417979,5.606172726,0,6.597304767,0.541562561
Ericaceae,1.237552795,0.275381404,0.004890454,0.196648724,0.009323394,0.934455491,1.295986434,0.568456086,0.023887527,4.465270905,1.272424527,0.041207694,1.085691746,0.062391744,4.584169838,2.643043652,2.582184567,0.238189547
Euonymus,0,0,0,0,0.002686439,0,0,0,0,0,0,0,0,0.03086483,0,0,0,0
Euphorbiaceae,0.00065028,0.010486995,0.389216385,0.066334166,0.047789116,0.031949382,0,0.033115086,0.156336159,0.007471143,0.100463776,2.215291147,0.494461416,0.294726599,0.143815016,0,0.110853707,0.497208189
Fabaceae,0.062349338,0.106406161,1.52099177,0.520679997,0.907278436,0.238947255,0.069299678,0.28395757,2.022151667,0.314620601,0.283060436,3.215842645,0.94242114,2.101925445,0.516147212,0.159805725,0.542118991,3.400372235
Fabaceae (herbs),0.00995698,0.137671195,0.029028818,0.147452043,0.174455635,0.06735116,0.018487258,0.098235554,0.321880789,0.036488822,0.818001123,0.15978414,0.680264857,0.508236387,0.292213366,0.104528133,0.359449787,1.002696183
Fagus,0.00905158,4.124171703,0.110926611,0.908981595,0.543946685,5.981398793,0.00156676,1.064186436,0,0.039205111,8.102320293,0.44294195,2.846136909,1.479837119,11.82006961,0.015430794,5.993898207,0
Ficus,0,0,0,0,0,0.001109152,0,0,0,0,0,0,0,0,0.012743189,0,0,0
Flueggea,0,0,0,0,0,0,0,0.064620803,0,0,0,0,0,0,0,0,0.742436503,0
Frangula,0.005939731,0.009491046,0,0,0.001093972,0.000702109,0,0.010029417,0,0.033819363,0.063039754,0,0,0.012568781,0.008066619,0,0.057913435,0
Fraxinus,0.042601883,0.847837458,0.002814087,0.086591792,0.099337398,0.676950667,0.001543934,0.540830783,0.038159242,0.093416836,1.774345799,0.023711921,0.312199383,0.265830408,1.905414789,0.014008295,1.441035065,0.175259055
Genisteae,0,0.000531315,0.062902092,0.003829657,0.010917627,0.089450748,0,0.886358112,0.294234744,0,0.005797089,0.353303773,0.038677638,0.091171804,0.457477424,0,3.246692529,0.852714573
Gentianaceae,0.000113308,0.019624293,0.002510607,0.000630477,0.004920034,0.008625969,0.000420081,0.011993476,0,0.001301805,0.110476828,0.021154751,0.006367508,0.028426223,0.045367083,0.002934863,0.113176399,0
Geraniaceae,0.027130313,0.016150722,0.009435504,0.086455003,0.029600601,0.024699099,0.026899803,0.050336376,0.06057992,0.134459073,0.077320034,0.046522457,0.262691469,0.13746501,0.126413821,0.114912653,0.224147262,0.264578091
Halimium,0,0,0,0,0,0,0,0.182017087,0,0,0,0,0,0,0,0,1.472975894,0
Hedera,2.62879E-05,0.001022579,0,0.003271278,0.004232267,0.221656025,0,0.008677032,0.00255076,0.000302025,0.008657329,0,0.024309937,0.048625042,1.809598821,0,0.047125511,0.029305999
Helianthemum,2.62879E-05,0.030443134,0.101969824,0.00727778,0.039381861,0.03668971,0.000104823,0.196813716,0.37983108,0.000302025,0.0922551,0.706641449,0.052275507,0.173105499,0.152817206,0.001032384,0.661673757,1.263778605
Helleborus,0,0,0,0,0,0,0,0,0,0,0,0,0,0,0,0,0,0
Hippophae,0,0.03779577,0.005633803,0.006907001,0.014472344,0.00469987,0,0.013195925,0,0,0.207932923,0.047471266,0.041907451,0.107361284,0.046573065,0,0.123915393,0
Huperzia,0.010485005,0.00931775,0,0.011843265,0,0.045201417,0.301195063,0,0,0.049394793,0.050591376,0,0.07788631,0,0.519324748,0.940551645,0,0
Hymenophyllaceae,0,0,0,0,0,0,0,0,0,0,0,0,0,0,0,0,0,0
Hypericaceae,0.001319818,0.014359205,0,0.00174292,0.005981617,0.00666507,0.000104823,0.006286068,0,0.015163556,0.091041871,0,0.017602625,0.030810824,0.059728429,0.001032384,0.034190373,0
Ilex,0,0,0,0.037391552,0,0.070581112,0,0.011199939,0,0,0,0,0.223378506,0,0.389920959,0,0.094369072,0
Impatiens,0.000123589,0.003367764,0,0,0,0,0,0,0,0.001419925,0.022176297,0,0,0,0,0,0,0
Iridaceae,4.12121E-05,0.004577016,0.004890454,0,0.006095483,0.033526655,0,0,0,0.000473491,0.02942151,0.041207694,0,0.070031772,0.181318507,0,0,0
Jasminum,0,0,0,0.011098775,0,0.004113533,0,0,0,0,0,0,0.112092128,0,0.0472609,0,0,0
Juglandaceae,0,0,0,0,0.011635547,0,0,0,0,0,0,0,0,0.095676245,0,0,0,0
Juglans,0,0.29541042,0.237618249,0.323194295,0.28018555,0.382006544,0,0.158701848,0.231784513,0,1.426608364,1.195980359,0.648557624,1.176356049,0.840072897,0,0.373294902,1.761278001
Juncaceae,0.005113098,0.038190246,0,0.068189285,0.069845174,0.00462546,0.006198206,0.00382614,0,0.029276971,0.320002324,0,0.440858157,0.571334833,0.03748761,0.036150025,0.043959004,0
Kalmia,0.005426478,0.000811953,0,0,0,0,0.013417261,0,0,0.048794076,0.008161517,0,0,0,0,0.132144694,0,0
Koenigia,0,0,0,0,0,0,0.002000291,0,0,0,0,0,0,0,0,0.018489532,0,0
Laburnum,0,0.008707765,0,0,0,0,0,0,0,0,0.100044605,0,0,0,0,0,0,0
Lamiaceae,0.041043227,0.131119511,0.171375161,0.41118391,0.73888661,0.143402982,0.045693443,0.534231221,0.458535589,0.156549175,0.379115676,0.740844818,1.020285326,1.710829452,0.378703201,0.327334993,1.321337348,1.206147892
Larix,0.05578002,0.178090561,0,0,0.000672802,0.04447403,0,0,0,0.469428176,0.570344228,0,0,0.00772991,0.304495793,0,0,0
Lavandula,0,0,0,0,0,0,0,0.220365357,0,0,0,0,0,0,0,0,0.86278934,0
Ledum,0.010296909,0,0,0,0,0,0.001153045,0,0,0.048730314,0,0,0,0,0,0.01135618,0,0
Ligustrum,0,0.004326039,0.004856727,0.006000983,0.004258523,0.014096467,0,0.000778598,0.032286433,0,0.027579485,0.040923507,0.043807629,0.030562706,0.09727968,0,0.008945407,0.16434068
Liliaceae,0.002585417,0.039022685,0.238007827,0.233006796,0.218350579,0.125636156,0,0.286772604,0.508788116,0.027227358,0.305736406,0.564626694,0.760560199,0.824257508,0.733073085,0,0.598913405,1.293479618
Linaceae,0,0,0,0,0,0,0,0.002923601,0,0,0,0,0,0,0,0,0.023689542,0
Linnaea,0.008441884,0,0,0,0,0,0.004950828,0,0,0.062009058,0,0,0,0,0,0.025192717,0,0
Linum,0,0.004880947,0,0.011648322,0.009420857,0,0.021909449,0.00358431,0.001812382,0,0.039519327,0,0.112174551,0.072888575,0,0.120587736,0.034905905,0.020822682
Lonicera,0.007441263,0.010773739,0,0.00748566,0.002271215,0.006010533,0,0.004365331,0.010168803,0.085493602,0.074843666,0,0.060846732,0.019395287,0.038544758,0,0.043008153,0.116830652
Loranthaceae,0,0,0,0.007278,0,0,0,0,0,0,0,0,0.055166088,0,0,0,0,0
Lycopodiella,0,0.002925003,0,0,0,0,0,0,0,0,0.033605726,0,0,0,0,0,0,0
Lycopodium,0.325864514,0.181074102,0.002218032,0.083465462,0,0.021059858,0.437402553,0,0.008125126,0.993516716,1.71762296,0.018689473,0.733196862,0,0.127918313,0.611657971,0,0.062775693
Lysimachia,0.002929301,0.028347461,0,0.004585162,0.003556694,0.000526094,0,0.001518188,0,0.023469642,0.281024588,0,0.032589727,0.040863302,0.006044359,0,0.017442651,0
Lythraceae,0.000475621,0.008427658,0,0.004413341,0.057907381,0,0,0.007093605,0,0.005168972,0.072680801,0,0.044572561,0.429064743,0,0,0.044572141,0
Magnoliaceae,0,0,0,0,0,0,0,0,0,0,0,0,0,0,0,0,0,0
Malus,0,0,0,0.001139991,0.001452686,0,0,0,0,0,0,0,0.011513347,0.016690096,0,0,0,0
Malvaceae,0,0.000636084,0,0.022557984,0.008238795,0.001479095,0,0.021351374,0.006394711,0,0.00730805,0,0.128650295,0.071739941,0.01345513,0,0.115143842,0.038281058
Melanthiaceae,0,5.46212E-05,0,0,0.001239895,0,0,0,0,0,0.00062755,0,0,0.014245306,0,0,0,0
Mercurialis,0.004671275,0.007577048,0.207828731,0.002700805,0.009040049,0.054750442,0,0.031672043,0.125922037,0.048588461,0.060488466,0.904705435,0.027276792,0.067332335,0.366857991,0,0.16459724,0.408769028
Moltkia,0,0,0,0.004889736,0,0,0,0,0,0,0,0,0.049383916,0,0,0,0,0
Montiaceae,0,0,0,0,0,0,0.00080888,0,0,0,0,0,0,0,0,0.006854415,0,0
Moraceae,0,0,0,0,0.001402918,0,0,0.001129025,0,0,0,0,0,0.016118303,0,0,0.01297151,0
Myrica,0.023281665,0.264875464,0,0,0,0.404889653,0.009117039,0,0,0.128459126,2.243545874,0,0,0,2.453154959,0.063304844,0,0
Myricaria,0,0,0,0,0,0,0,0,0,0,0,0,0,0,0,0,0,0
Myrtaceae,0,0,0.013420906,0,0.007451565,0.005727619,0,0.045649676,0.213520853,0,0,0.075971151,0,0.085611966,0.039105026,0,0.204759146,0.580960355
Nartheciaceae,0,0.016176277,0,0.000549547,0,0.012479445,0.002836115,0,0,0,0.134734111,0,0.005550154,0,0.122792714,0.027932498,0,0
Nerium,0,0,0,0,0.048584963,0,0,0,0.001536665,0,0,0,0,0.37589906,0,0,0,0.017654938
Nigella,0,0,0,0,0,0,0,0,0,0,0,0,0,0,0,0,0,0
Nitrariaceae,0,0,0.027490861,0,0.024165989,0,0,0,0.049193227,0,0,0.170241969,0,0.149004329,0,0,0,0.565187152
Olea,0,0.06632332,2.799700256,0.540513025,2.13344291,0.494775101,0,4.382538249,6.634574667,0,0.247069406,4.449643767,1.943519443,6.565763836,0.934201328,0,10.99302199,7.169194996
Oleaceae,0,0.027930798,0.047737777,0.003656954,0.006855889,0.007995523,0,0.034040081,0.07556111,0,0.135232856,0.175315365,0.030727217,0.078768172,0.091861562,0,0.222298762,0.311926273
Onagraceae,0.015474145,0.00580575,0,0.029716925,0,0.011170809,0.03751896,0.003443527,0,0.085020329,0.032204438,0,0.139547472,0,0.048124292,0.251942032,0.039563108,0
Ononis,0,0,0,0,0,0,0,0.000678831,0,0,0,0,0,0,0,0,0.007799178,0
Ophioglossaceae,0.002301069,0.099932165,0,0.668219775,0.007987863,0.038901252,0.003439019,0,0,0.025683713,0.616640628,0,2.947808371,0.03580317,0.405938757,0.021281164,0,0
Orchidaceae,0,0,0,0,0,0,0,0,0,0,0,0,0,0,0,0,0,0
Orobanchaceae,0.142667389,0.171955195,0,0.010883154,0.008175598,0.032098051,0.129942314,0.011741523,0,0.449980778,0.820704832,0,0.070026042,0.038203632,0.130732083,0.604358824,0.053794281,0
Osmundaceae,0,0,0,0,0,0.009756665,0,0,0,0,0,0,0,0,0.062573696,0,0,0
Oxalidaceae,0.145162486,0,0,0,0,0,0,0,0,0.7451405,0,0,0,0,0,0,0,0
Oxyria/Rumex,1.292706906,0.878648977,0.154456679,0.148475598,0.4181912,0.777034837,3.449396093,0.492851936,2.00495598,6.926749902,1.228743676,0.431777998,0.486572429,1.155748142,2.591830371,6.429015544,0.686581665,6.092601357
Paliurus,0,0,0,0.001951091,0.000721816,0.000725647,0,0.002017204,0,0,0,0,0.014473638,0.007204507,0.008337052,0,0.012198503,0
Papaveraceae,0,0.005711375,0.008358758,0.017774045,0.252131415,0.001649025,0,0.208591011,0.048667764,0,0.040613609,0.070432145,0.115186916,1.108444057,0.014168512,0,0.840233971,0.314635317
Parrotia,0,0,0,0,0.007451565,0.229217401,0,0,0,0,0,0,0,0.085611966,1.588653247,0,0,0
Periploca,0,0,0,0,0,0,0,0,0.001004742,0,0,0,0,0,0,0,0,0.011543612
Phillyrea,0,0.011640076,0.022878541,0.033796883,0.108281716,0.16516394,0,0.794405476,0.914062748,0,0.109750686,0.086549349,0.139665586,0.65529353,1.657524802,0,2.052099913,1.976945464
Phyllanthaceae,0,0,0,0.008089044,0,0,0,0.001357663,0,0,0,0,0.081695341,0,0,0,0.015598359,0
Picea,7.387905738,9.95106028,0,4.111601334,0.198833894,0.829144165,2.038723224,0.008376644,0,6.502154375,14.68554831,0,7.741197872,0.549962479,3.037179365,2.36405111,0.078515135,0
Picea orientalis,0,0.024975023,0,0.014393043,0.029905476,0,0,0,0,0,0.286941165,0,0.102404754,0.189383941,0,0,0,0
Pinus,0,0.442973462,0.504496708,16.42510673,2.260254676,1.988120291,0,5.55923423,0.057519427,0,2.736292357,2.043493385,20.51079026,6.955285398,7.315118016,0,16.87621311,0.416596805
Pinus (diploxylon),35.13617132,26.71456785,4.253118718,5.058479816,9.329598014,8.88153462,27.12154479,19.14770373,3.961699842,16.25157216,21.9490256,5.71955563,13.18677387,16.40813721,13.60339321,16.65882812,25.36421777,10.25399375
Pinus (haploxylon),0.402612134,0.50518847,0.017866183,0.234060903,0.775999551,2.904940642,0,0,0,1.994282878,2.594627521,0.150543135,1.389062411,5.525891489,12.74955265,0,0,0
Pistacia,0,0,0.169198299,0.089616981,0.241089639,0.100304296,0,0.460582213,2.126764773,0,0,0.78212349,0.414500585,0.93232446,0.38801827,0,1.409337598,7.767976154
Plantaginaceae,0.09603682,1.478746298,0.930908483,2.60396184,0.953147115,1.350699622,0.049867645,1.401496793,2.212842378,0.262116238,2.960169569,2.761374144,8.054542506,2.356183203,2.265259163,0.149099453,2.165890448,4.573665284
Platanus,0,0.010124639,0.012669038,0.018935347,0.053455797,0.192198855,0,0.285101733,0.000757576,0,0.059455086,0.075390948,0.085837343,0.210288952,1.14821299,0,0.993579012,0.008703883
Plumbaginaceae,0.000386531,0.02512238,0.108863138,0.156083822,0.024315217,0.006167585,0.000755259,0.085731164,0.07335777,0.003328214,0.226741357,0.565701626,1.171801191,0.136884201,0.050967632,0.007438436,0.480856195,0.359054896
Poaceae,5.140196586,11.48422062,6.495463044,3.808594195,19.56434499,17.413486,9.872970519,13.90865442,7.948656404,5.559410149,12.02711261,6.535075211,5.740643494,19.75116307,16.24948418,10.06807226,14.56861311,7.695465669
Polemoniaceae,0,0,0,0,0.024654975,0,0,0,0,0,0,0,0,0.174653137,0,0,0,0
Polygalaceae,0.011253923,0.001562012,0,0,0.011737255,0,0,0.000369189,0.010279375,0.129297737,0.017946153,0,0,0.090757981,0,0,0.004241658,0.062126924
Polygonaceae,0.226013558,0.110639889,0.195119351,0.289712916,0.163914542,0.042154013,0.009795749,0.015712555,0.014508891,1.007390445,0.72777633,1.09398933,0.865832937,0.674418141,0.206004278,0.056106442,0.125987422,0.123442264
Polygonum,0.00181275,0.03985488,0.060324115,0.099519335,0.891311868,0.08600704,0.083541018,0.179258111,0.045300611,0.015682199,0.122929616,0.254199395,0.456368842,3.649523888,0.472692095,0.408102864,0.892674187,0.178663843
Polypodiales,2.832208933,1.445226954,0.0282324,14.06446438,0.178749542,3.028695671,4.852116238,0.374342556,0.062029945,8.311826394,3.854654932,0.111626125,16.00201244,0.772370868,9.228792986,9.390503638,2.087954819,0.273073763
Populus,0.032698048,0.02200773,0.005275096,0.031956135,0.036632462,0.013652874,0.015861086,0.131543573,0.011604397,0.098735054,0.070370189,0.044448747,0.217663791,0.146642731,0.064565961,0.077986193,0.529609381,0.11240826
Portulacaceae,0,0,0,0,0.00235272,0,0,0,0,0,0,0,0,0.027030691,0,0,0,0
Potentilla,0.04310756,0.478043762,0,0.007250961,0.018790518,0.23091861,0.085392868,0.001538815,0,0.112269636,2.736688405,0,0.037004097,0.082655839,1.095889432,0.244058362,0.01033431,0
Primulaceae,0.017708426,0.008631804,0.076782241,0.00151062,0.010087343,0.026221881,0.007266099,0.000558273,0.135472699,0.121948972,0.044033071,0.409312825,0.01525651,0.04926395,0.127444352,0.049730727,0.006414063,0.98677037
Prosopis,0,0,0,0,0,0,0,0,0,0,0,0,0,0,0,0,0,0
Prunus,0.00112567,0.008805734,0,0,0.008924458,0.023146141,0,0.043047086,0.001156605,0.01293296,0.047643117,0,0,0.054652672,0.160727677,0,0.297504455,0.013288375
Pteridaceae,0.006189345,0,0.00477441,0.33191004,0.000180849,0.005292812,0.064457367,0.011573555,0.087116258,0.071110157,0,0.040229893,3.214063291,0.002077795,0.04905922,0.252642521,0.096076478,0.719064078
Pterocarya,0,0,0,0,0.021320936,0.073399691,0,0,0,0,0,0,0,0.121734817,0.400335932,0,0,0
Punica,0,0,0,0,0,0,0,0,0,0,0,0,0,0,0,0,0,0
Pyrus,0,0,0,0,0,0,0,0,0,0,0,0,0,0,0,0,0,0
Quercus deciduous,0.263024102,4.893745289,0.773645101,2.692068651,3.670886524,9.922596808,0.019266056,5.213790289,4.278523445,0.660045146,8.577836487,1.710573694,4.730656102,11.53013859,12.15130679,0.092536048,9.78600186,12.02687583
Quercus evergreen,0,0.015457044,1.423476451,0.150070931,1.621620318,0.693887967,0,16.46293921,13.38604228,0,0.081662539,3.71897793,0.696792086,4.114152796,2.641171601,0,19.80379316,19.86017677
Quercus intermediate,0,0.015439,0,0,0,0.016604681,0,0.111538045,0.007730364,0,0.177380605,0,0,0,0.112715329,0,0.860896229,0.088815116
Ranunculaceae,0.146161719,0.433546143,0.021003693,0.395994625,0.126203583,0.421344188,0.202851361,0.108573559,0.09402419,0.346792673,0.815018457,0.106081585,1.212230483,0.377758031,1.351960183,0.559200848,0.484322029,0.260881966
Ranunculus,0.117862074,0.449742977,0.08735703,0.06900008,0.275229264,0.087805499,0.626175169,0.039155892,0.020845433,0.993756723,1.351001936,0.714939438,0.304707099,1.654881159,0.403887507,2.178671154,0.311540376,0.110265397
Resedaceae,0,0,0,0.006022942,0.001039912,0.001384965,0,0.000976221,0,0,0,0,0.043564782,0.011947681,0.015912038,0,0.008135133,0
Rhamnaceae,0,0,0,0.059166334,0.082151994,0.006530826,0,0.011697766,0.03791078,0,0,0,0.301644004,0.338713447,0.075033475,0,0.081568467,0.210711687
Rhamnus,0,0.043731956,0,0,0.007901601,0.024187463,0,0.017295319,0.00205863,0,0.455626653,0,0,0.054103945,0.131549675,0,0.116081145,0.023651853
Rhododendron,0,0.151638488,0,0.005960427,0,0.004081377,0,0,0,0,0.838041135,0,0.042678974,0,0.03598287,0,0,0
Rhus,0,0,0.003611413,0.01610004,0.01955139,0,0,0,0.12274201,0,0,0.030430304,0.122517736,0.124731564,0,0,0,0.992781491
Ribes,0.003699101,0,0.006698942,0,0,0.010066789,0,0,0.068124061,0.042499432,0,0.039627461,0,0,0.090172658,0,0,0.437565555
Rosaceae,0.631345616,0.502632714,0.160000266,0.271350122,0.253407495,0.769587617,0.545065236,0.385408216,0.1031937,1.522123421,1.690355376,0.622884237,0.946317162,0.561405347,2.159274828,2.738920329,0.908643849,0.430260768
Rosmarinus,0,0,0,0,0,0,0,0.001406993,0,0,0,0,0,0,0,0,0.011876966,0
Rubiaceae,0.029006214,0.264214968,0.018082015,0.160186843,0.18077767,0.318735608,0.093530037,0.205560213,0.136874843,0.075957758,0.890886114,0.108486334,0.568786955,0.488350416,0.801452174,0.707265596,0.559395518,0.357736801
Rubus,0.053037123,0.002747629,0,0.010116618,0.004378201,0.006455842,0.047479105,0,0.000737659,0.259141064,0.018654593,0,0.10217283,0.02922913,0.0541468,0.142292757,0,0.008475058
Ruscus,0,0,0,0,0,0,0,0,0,0,0,0,0,0,0,0,0,0
Rutaceae,0,0.001508114,0.006698942,0,0,0.001440258,0,0,0.003293808,0,0.017326907,0.039627461,0,0,0.016547308,0,0,0.037842968
Salix,0.616615555,0.505626552,0.103114954,0.798233149,0.272064145,0.726569797,6.056836476,0.183566815,0.051282718,1.531375126,0.825423307,0.431403971,2.379839112,0.941744096,2.478205356,8.593968477,0.501443801,0.142423093
Salvia,0,0,0,0.002226882,0,0,0,0,0,0,0,0,0.016066696,0,0,0,0,0
Sambucus,0.049774118,0.071757183,0,0.005742772,0.084782663,0.186665571,0,0.01424493,0,0.266944427,0.250952676,0,0.047779587,0.602366685,1.662288246,0,0.085743586,0
Sanguisorba group,0.002182663,0.023910835,0,0.36699876,0.117141881,0.029633566,0.000838578,0.146349882,0.007314897,0.021260351,0.15976677,0,2.993187702,0.577576863,0.144230607,0.008259039,0.615148526,0.034019164
Santalaceae,0,0,0.015408075,0,0,0,0,0.007460648,0.083492655,0,0,0.082421813,0,0,0,0,0.055760239,0.652450407
Saxifragaceae,0.008752173,0.050647018,0,0.00202421,0.007056357,0.030402699,0.69051317,0.029678152,0.002933973,0.05792156,0.196732772,0,0.020443517,0.050808642,0.194294162,2.313039249,0.206878879,0.023963189
Scrophulariaceae,0.010622036,0.118168297,0.118786055,0.086015508,0.648164087,0.137703598,0.008255135,0.194835785,0.231160439,0.059148113,0.329240263,0.449778929,0.384457582,6.401507267,0.350030099,0.034916038,0.55873908,0.713696921
Smilax,0,0,0,0,0,0,0,0,0,0,0,0,0,0,0,0,0,0
Solanaceae,0,0.000901541,0.017942042,0.000869142,0.013670638,0.005141256,0,0.087307058,0.377448405,0,0.008171722,0.151182335,0.008777904,0.105454707,0.035811348,0,0.56311677,2.987362298
Sorbus,0.030027869,0.020192836,0,0.005183425,0.007743136,0.012054371,0.024894637,0,0,0.090195461,0.087315164,0,0.029930281,0.042422564,0.11298366,0.069854013,0,0
Styrax,0,0,0,0,0,0,0,0.008605273,0,0,0,0,0,0,0,0,0.051091243,0
Suaeda,0,0,0,0,0,0,0,0,0,0,0,0,0,0,0,0,0,0
Syringa,0,0,0,0.021505373,0,0.004279035,0,0,0,0,0,0,0.217193616,0,0.049162368,0,0,0
Tamarix,7.88826E-05,0,0.014756454,0.191698205,0.180009203,0,0,0.027706735,0.021780963,0.000906292,0,0.061747698,1.139925388,0.940526727,0,0,0.233400411,0.134870096
Taxus,0,0.005871748,0,0,0.000546986,0.078087733,0.002763881,0.006879635,0,0,0.033759333,0,0,0.006284392,0.527853111,0.027221075,0.056835015,0
Teucrium,7.88826E-05,0.000176839,0,0.010648615,0.00488566,0.005418551,0,0.018078623,0,0.000906292,0.002031721,0,0.099070522,0.039980323,0.038741717,0,0.168829102,0
Thalictrum,0.063109948,0.025845273,0.010834237,0.021924689,0.046576504,0.035901226,0.352702337,0.002104377,0.004379051,0.208349608,0.125373389,0.0912909,0.081823489,0.172504856,0.154472162,1.016654043,0.024177454,0.050311463
Thymelaeaceae,0,0,0.154387297,0.140689077,0.040192382,0,0,0.000496445,0.09837775,0,0,0.683896322,0.706689199,0.339013455,0,0,0.005703724,0.484298382
Tilia,0.161643481,0.183191014,0.007059206,0.326741301,0.208183375,0.215534083,0.018384948,0.003868578,0,0.580876311,0.627363982,0.048906066,0.843237166,0.860049931,0.616492171,0.066941019,0.028839816,0
Tofieldia,0,0,0,0,0,0,0.009466999,0,0,0,0,0,0,0,0,0.051055897,0,0
Trollius,8.23924E-05,0.031984872,0,0,0.001452686,0,0.092917363,0,0,0.000946617,0.271950014,0,0,0.016690096,0,0.440826642,0,0
Ulmus,0.169146875,0.300231358,0.053810959,0.205128499,0.281478596,0.255039939,0.037792292,0.218306314,0.000757576,0.427635594,0.797824336,0.228442411,0.568636397,0.905794087,0.627931873,0.10892848,1.075123932,0.008703883
Ulmus/Zelkova,0,0,0.005955394,0.003278904,0.01015381,0.26631199,0,0.002036494,0.003412504,0,0,0.035228993,0.033115306,0.048564687,1.309635835,0,0.023397534,0.039206684
Urticaceae,0.303488983,0.44908017,0.017176225,0.052933931,0.166951377,0.232185788,0.208675924,0.339440172,0.059380627,0.486478448,0.89704758,0.144729447,0.187568651,0.588717172,0.709335192,0.37941846,0.928771383,0.508191363
Vaccinium,0.127947955,0.143062607,0,0.00328348,0.010101008,0.020841785,0.608253815,0,0,0.392943747,0.514484934,0,0.023408149,0.116051742,0.149509031,1.251468654,0,0
Valerianaceae,0.104669519,0.00598212,0,0.003346048,0.010049729,0.002658161,0.003869931,0.018292526,0.024941708,1.065035212,0.034749766,0,0.033793429,0.077382272,0.03053994,0.021741117,0.103269229,0.18260222
Verbenaceae,0,0,0,0,0,0,0,0,0,0,0,0,0,0,0,0,0,0
Viburnum,0.001555597,0.010337277,0,0.004006024,0.001682782,0.034111952,0,0.004800463,0.001107567,0.017872448,0.05209031,0,0.028743001,0.014440419,0.130764678,0,0.042052168,0.012724972
Violaceae,0,0,0,0.026713902,0.001397741,0.003636364,0.042673603,0.022779032,0,0,0,0,0.117964501,0.01605882,0.041778637,0.199610374,0.095902684,0
Viscum,0,0.00360406,0,0,0.027574598,0.010001765,0,0.023721335,0,0,0.027150545,0,0,0.316808017,0.085633757,0,0.246289084,0
Vitex,0,0,0,0,0,0.000812849,0,0,0,0,0,0,0,0,0.009338927,0,0,0
Ziziphus,0,0,0.039018434,0,0,0,0,0,0.007995483,0,0,0.15936772,0,0,0,0,0,0.05786181
Zygophyllaceae,0,0,0.014570183,0,0,0,0,0,0.126437044,0,0,0.122770545,0,0,0,0,0,0.468258869
